Nodo_A;Nodo_B;Distancia
0;2;1
1;2;3
2;3;2
3;4;1
4;5;4
4;9;3
5;11;2
6;7;4
7;8;3
7;14;3
8;9;2
8;15;4
9;10;3
9;16;2
10;11;3
10;17;3
11;12;4
11;25;3
13;14;2
14;15;1
14;20;2
15;16;1
15;21;4
16;22;3
17;18;2
17;23;1
19;20;3
20;21;1
20;30;1
21;22;4
21;31;2
22;23;1
22;32;4
23;33;1
23;24;3
24;34;4
24;25;4
25;26;2
25;35;3
26;44;1
27;45;3
28;47;3
29;30;1
30;31;1
30;37;4
31;32;2
31;38;1
32;39;3
33;40;4
33;34;2
34;35;1
34;41;3
35;43;2
36;37;1
37;38;3
37;49;1
38;39;2
38;50;1
39;40;1
39;51;1
40;41;4
40;52;1
41;42;2
41;53;1
42;54;4
42;43;2
43;44;3
43;55;2
44;45;1
45;46;2
45;56;1
46;47;4
46;57;2
47;69;1
48;49;3
49;50;3
50;51;4
51;52;3
52;53;2
53;54;3
54;55;2
49;61;3
50;62;1
51;63;1
52;64;2
53;65;3
55;66;2
56;58;4
56;57;1
57;59;1
58;67;1
58;59;1
59;68;4
60;70;2
60;61;1
61;62;4
62;63;3
63;64;3
64;65;1
65;66;3
66;67;1
67;68;1
68;69;2
61;71;4
62;72;2
63;73;4
64;74;2
65;75;3
66;76;3
67;78;4
68;79;1
67;68;1
68;69;2
70;71;2
71;72;2
72;73;4
73;74;3
74;75;2
75;76;4
76;77;4
77;78;2
78;79;3
71;80;4
72;81;1
73;83;2
74;84;4
75;85;1
76;86;1
77;87;3
78;88;1
79;89;1
80;81;2
80;90;3
81;82;2
82;91;2
83;84;4
83;92;3
84;85;2
84;93;3
85;86;1
85;94;4
86;87;2
86;95;4
87;88;1
87;96;3
88;89;3
88;114;1
89;115;1
90;91;4
90;98;4
91;92;1
91;99;3
92;93;1
92;100;2
93;94;1
93;101;4
94;95;2
94;102;3
95;96;2
95;113;1
96;114;4
97;98;3
98;99;3
98;104;1
99;100;2
99;105;2
100;101;1
100;106;3
101;102;4
101;111;3
102;112;4
103;104;1
104;105;2
104;108;3
105;106;3
105;109;4
106;110;4
106;127;1
107;108;3
108;109;1
109;119;2
109;110;4
110;126;2
110;111;3
111;112;3
111;128;4
112;113;3
112;129;3
113;114;1
113;130;4
114;131;3
114;115;1
115;116;3
116;132;3
117;133;2
118;119;2
118;122;1
119;120;4
119;123;2
120;124;2
121;134;1
121;122;3
122;123;4
122;139;2
122;135;2
123;137;4
123;136;3
123;124;2
124;125;4
124;137;3
125;126;3
125;145;4
126;127;2
126;146;2
127;128;1
127;147;1
128;129;4
128;148;3
129;130;2
129;149;1
130;131;4
130;150;3
131;132;2
131;152;3
132;153;4
132;133;2
133;154;1
135;138;2
135;136;4
136;137;4
136;138;4
137;144;3
138;140;4
139;140;1
140;141;2
141;142;2
141;156;1
142;143;2
143;144;1
144;145;3
145;146;2
146;147;3
147;148;3
148;149;4
149;150;1
150;151;4
151;152;2
152;153;2
153;154;2
154;155;1
142;157;4
143;158;3
144;159;1
145;160;2
146;161;2
147;162;4
148;163;3
149;164;4
150;165;1
151;166;4
152;168;2
153;169;2
156;171;1
156;157;1
157;158;3
158;159;2
159;160;3
160;161;3
161;162;2
162;163;3
163;164;4
164;165;4
165;166;1
166;167;2
167;168;3
168;169;4
157;172;1
158;174;3
159;175;2
160;177;1
161;178;3
162;179;1
163;180;1
164;181;4
165;182;4
166;183;1
167;184;3
168;185;3
169;186;2
170;186;3
171;172;3
172;173;3
173;174;4
174;175;4
175;176;2
176;177;3
177;178;1
178;179;1
179;180;4
180;181;1
181;182;1
182;183;3
183;184;1
184;185;1
185;186;1
186;187;2
187;188;1
188;189;2
171;210;1
173;211;3
175;212;1
176;213;1
178;214;3
179;215;2
180;216;4
181;217;3
181;218;1
182;219;3
183;220;3
184;221;4
185;222;3
186;223;4
187;224;3
188;225;3
189;226;2
189;190;4
189;207;4
190;191;4
191;192;1
191;196;2
192;193;3
193;194;4
193;195;4
195;196;4
195;197;4
196;198;2
197;198;1
197;201;4
198;199;3
198;208;2
199;200;4
199;206;3
200;201;2
200;205;4
201;202;2
202;203;4
202;204;1
202;205;1
205;387;4
205;206;2
207;208;3
208;209;4
209;385;1
210;211;3
211;212;4
212;213;4
213;214;4
214;215;4
215;216;3
216;217;2
217;218;3
218;219;4
219;220;3
220;221;4
221;222;2
222;223;4
223;224;1
224;225;4
225;226;2
226;227;3
210;228;2
211;229;3
212;230;2
213;232;4
214;233;4
215;234;2
216;235;1
217;236;2
218;237;3
219;238;3
220;239;4
221;240;1
222;241;3
223;245;2
224;246;2
225;247;1
226;248;1
227;249;4
228;229;4
229;230;4
230;231;1
231;232;1
232;233;1
233;234;2
234;235;2
235;236;3
236;237;2
237;238;2
238;239;2
239;240;1
240;241;4
241;242;4
242;243;1
242;244;2
244;245;4
245;246;1
246;247;3
247;248;4
248;249;3
228;250;4
229;251;4
230;252;3
232;253;4
233;254;1
234;255;2
235;256;2
236;257;4
237;258;4
238;259;1
239;260;1
240;261;4
241;262;1
242;263;1
244;264;2
245;265;3
246;266;2
247;267;1
248;268;2
249;269;3
250;251;3
251;252;3
252;253;2
253;254;1
254;255;2
255;256;4
256;257;2
257;258;3
258;259;4
259;260;2
260;261;1
261;262;4
262;263;2
263;264;3
264;265;1
265;266;4
266;267;2
267;268;1
268;269;4
250;270;4
251;271;3
252;272;1
253;273;3
254;274;4
255;275;1
256;276;1
257;277;4
258;278;1
259;279;1
260;280;3
261;281;2
262;282;4
263;283;1
264;285;1
265;286;2
266;287;1
267;289;2
268;290;4
269;291;2
270;271;3
271;272;3
272;273;2
273;274;4
274;275;2
275;276;1
276;277;3
277;278;3
278;279;1
279;280;3
280;281;3
281;282;4
282;283;2
283;284;3
284;285;4
285;286;1
286;287;4
287;288;3
288;289;1
289;290;4
290;291;4
270;292;2
271;293;3
272;294;1
273;295;1
274;296;4
275;297;3
276;298;3
277;299;1
278;363;1
279;300;3
280;301;4
281;302;1
282;303;2
284;304;1
286;305;4
288;306;3
289;307;1
292;293;4
293;294;3
294;295;1
295;296;3
296;297;4
297;298;1
298;299;1
299;300;3
300;301;3
301;302;2
302;303;4
303;304;3
304;305;4
305;306;1
306;307;3
293;308;2
294;309;2
295;310;4
296;311;4
297;312;3
298;313;2
299;314;2
363;315;4
300;316;2
301;317;1
302;318;3
303;319;1
304;320;3
305;321;4
306;323;2
307;342;4
308;309;2
309;310;1
310;311;3
311;312;3
312;313;4
313;314;2
314;315;2
315;316;1
316;317;1
317;318;1
318;319;3
319;320;3
320;321;1
321;322;1
322;323;2
308;324;3
309;325;4
310;326;1
311;327;2
312;328;4
313;330;2
314;331;4
315;332;4
316;334;4
317;335;4
318;336;3
319;337;1
320;338;2
321;340;1
323;341;1
324;325;3
325;326;1
326;327;3
327;328;3
328;329;3
329;330;2
330;331;1
331;332;3
332;333;4
333;334;2
334;335;3
335;336;2
336;337;3
337;338;2
338;339;3
339;340;3
340;341;1
341;342;4
324;343;4
325;344;4
326;345;3
327;346;2
328;347;1
331;350;2
332;351;3
333;352;4
334;354;4
336;366;3
337;367;2
339;368;3
340;369;4
341;370;2
342;371;2
342;362;2
359;360;1
360;361;4
343;344;4
344;345;1
345;346;3
346;347;3
347;348;2
348;350;2
350;351;1
351;352;3
352;376;3
364;365;3
365;366;2
366;367;4
367;368;3
368;369;2
369;370;3
370;371;4
371;372;3
372;373;3
354;355;1
355;356;4
356;357;4
357;358;2
358;359;3
360;374;1
361;383;1
362;377;3
373;374;4
355;366;1
367;375;3
368;356;4
369;357;2
370;358;3
371;359;3
377;378;1
378;379;1
378;380;4
380;381;4
381;382;4
385;386;4
385;387;1
386;388;3
387;388;1
388;389;1
388;391;1
389;390;4
390;391;3
390;392;1
390;393;4
391;394;1
395;398;1
396;397;1
396;140;2
396;404;3
397;398;1
397;403;3
398;402;1
398;399;3
399;400;4
395;400;3
399;401;2
401;402;3
402;403;3
403;404;4
404;405;1
404;141;2
405;156;3
405;406;3
406;171;3
406;407;4
407;408;2
407;409;2
406;410;1
410;411;1
410;210;3
411;412;4
412;413;3
413;414;4
414;415;4
411;424;1
412;423;3
413;422;2
414;421;4
415;416;1
416;418;3
417;418;4
418;419;1
419;420;4
420;421;4
421;422;3
422;425;3
422;423;3
423;424;2
423;426;1
424;427;3
424;228;2
425;426;3
425;429;2
426;427;1
426;430;2
427;432;4
427;250;2
428;429;2
429;430;3
430;431;4
431;432;4
429;434;1
430;436;1
431;437;4
432;270;4
433;435;3
434;435;4
437;292;2
438;439;3
439;440;4
439;437;3
441;442;1
442;324;2
442;443;3
443;444;1
444;445;4
446;447;4
446;307;3
446;449;3
447;448;2
447;451;4
448;449;3
448;452;3
450;291;1
450;451;2
451;452;4
451;454;3
452;453;2
452;362;2
453;454;3
455;194;4
455;203;2
456;204;3
456;459;4
456;457;4
457;458;4
458;459;1
459;460;4
